"conversation_id_str","created_at","favorite_count","full_text","id_str","image_url","in_reply_to_screen_name","lang","location","quote_count","reply_count","retweet_count","tweet_url","user_id_str","username"
"1967722755559968916","Mon Sep 15 22:50:38 +0000 2025","42","Elias Nerlich und Icon League kooperieren mit Coca Cola. Habe dich echt gefeiert als Streamer aber mehr durch deine Bodenst√§ndigkeit. Waren es diese paar Euros Wert? Sowas supporte ich nicht. Da sind mir die Kinder die get√∂tet werden in Pal√§stina wichtiger. Free Palestine üáµüá∏ https://t.co/IAwlelk69F","1967722755559968916","https://pbs.twimg.com/media/G07BaimWIAArHRD.jpg","","de","","0","6","1","https://x.com/undefined/status/1967722755559968916","1843044044290818048",
"1331976919345029125","Thu Nov 26 15:03:39 +0000 2020","20494","coke and pepsi presenting their brands thru heartwarming advertisements RC Cola https://t.co/E7Td1aNMln","1331976919345029125","https://pbs.twimg.com/media/Enwh8uDUwAA7OjD.jpg","","en","","497","11","2259","https://x.com/undefined/status/1331976919345029125","1910495683",
"1374692114215358473","Wed Mar 24 11:58:35 +0000 2021","8101","#DragRaceUK's Tayce becomes a new face of Coca-Cola: https://t.co/5g7EDgzkRV https://t.co/gbDq2uoChx","1374692114215358473","https://pbs.twimg.com/media/ExPi9jAXAAI5Grt.jpg","","en","","374","39","551","https://x.com/undefined/status/1374692114215358473","21748010",
"1015630547887034370","Sat Jul 07 16:16:06 +0000 2018","2089","Honored to have @morereginahall and @amandlastenberg share the #CokeESSENCEFest stage! #ShareaCoke https://t.co/J5MM2UZJ4H","1015630547887034370","https://pbs.twimg.com/amplify_video_thumb/1015630523585171457/img/sdw4qDCTfYLbjWRR.jpg","","en","","26","56","167","https://x.com/undefined/status/1015630547887034370","26787673",
"1892202111942725635","Wed Feb 19 13:18:33 +0000 2025","589","cocacola is sponsoring the festival and i m leaving this here again. YES a huge brand that s actively funding the genocide against Palestinians. https://t.co/yyoxduJRtd","1892202111942725635","https://pbs.twimg.com/media/GkJzye4XMAAyTFk.jpg","","en","","12","4","328","https://x.com/undefined/status/1892202111942725635","1781852951222304768",
"1817449443697787250","Sun Jul 28 06:38:08 +0000 2024","1087","Engenes unfortunately Coca Cola is a major boycott target. Seulgi from Red Velvet also just had to delete part of her live because she was drinking Coke. If you can please kindly let Jay know on Weverse so that he can be educated and prevent it from happening again. https://t.co/dU1IApJtxb","1817449443697787250","https://pbs.twimg.com/media/GTjgophaUAAqkl2.jpg","","en","","31","9","683","https://x.com/undefined/status/1817449443697787250","1764575273348194304",
"1864449338123928013","Wed Dec 04 23:18:56 +0000 2024","791","Tyla s invite-only concert presented by coca cola #tyla https://t.co/QCQYwVerTU","1864449338123928013","https://pbs.twimg.com/media/Gd_ayTOWgAATi_X.jpg","","en","","3","3","44","https://x.com/undefined/status/1864449338123928013","1803783663286398976",
"1817662630246690833","Sun Jul 28 20:45:16 +0000 2024","1291","Boykottan etkilenen Coca Cola nƒ±n alternatifi olarak √ºretilen Dirili≈ü Cola y√ºzde y√ºz yerli sloganƒ±yla satƒ±≈üa sunuldu. https://t.co/2VVhvs8FI7","1817662630246690833","https://pbs.twimg.com/amplify_video_thumb/1817662557055856640/img/rLQ55ulunXrVwNbb.jpg","","tr","","82","283","247","https://x.com/undefined/status/1817662630246690833","861008180964462592",
"1957716500007252407","Tue Aug 19 08:09:20 +0000 2025","385","Coca-Cola could no longer stand it after seeing what Compos Coffee did so they put up their biggest billboard and used their most exciting and sizzling promotional video. https://t.co/R232tuZndg","1957716500007252407","https://pbs.twimg.com/media/Gys0xBBW8AQIqzS.jpg","","en","","0","0","63","https://x.com/undefined/status/1957716500007252407","1672851132039966720",
"1370612783063080960","Sat Mar 13 05:48:46 +0000 2021","12718","If you spend your money on Coke know that the Coca Cola company has donated $35 000 to voter suppression efforts in Georgia. Demonstrations happening Saturday. Do your body and your soul some hood and #BoycottCoke","1370612783063080960","","","en","","1118","929","6054","https://x.com/undefined/status/1370612783063080960","368509167",
"1487822412305551360","Sun Jan 30 16:18:00 +0000 2022","2388","I m in the desert of course I m thirsty. Let s drink it out at Rebel s Happy Hour TODAY 5/4c on @adfreeshows #Rebel #happyhour #sunday #AEW https://t.co/FSpuWxQaa0","1487822412305551360","https://pbs.twimg.com/media/FKXOmR_WQAYPKvb.jpg","","en","","7","86","67","https://x.com/undefined/status/1487822412305551360","2352597950",
"1969484204246507770","Sat Sep 20 19:30:00 +0000 2025","0","Disfruta del show de Motel mientras comes rico en el Coca Cola Food Fest. ¬°Todav√≠a llegas! https://t.co/6dOHhe9tTE https://t.co/tm6FlJf1rQ","1969484204246507770","https://pbs.twimg.com/media/G1Krb_zXEAADJBJ.jpg","","es","","0","2","0","https://x.com/undefined/status/1969484204246507770","33628379",
"1962426480903991383","Mon Sep 01 08:05:07 +0000 2025","0","rebelfest di sponsori oleh burger king dan coca cola dimana produk tsb pro israel","1962426480903991383","","","in","","0","1","0","https://x.com/undefined/status/1962426480903991383","1394734522877431808",
"1817648624416739598","Sun Jul 28 19:49:36 +0000 2024","645","Coca-Cola alternatifi Dirili≈ü Kola √ßƒ±ktƒ±. https://t.co/wpqswCafOW","1817648624416739598","https://pbs.twimg.com/ext_tw_video_thumb/1817648595685818368/pu/img/S8XtAi0M1UwG47xC.jpg","","tr","","92","249","85","https://x.com/undefined/status/1817648624416739598","1205111495027240961",
"723286657013784576","Thu Apr 21 23:05:51 +0000 2016","913","Cali nos vemos este s√°bado 23 de abril en el Coca-Cola Fest #TomateLaCiudad y #SienteElSabor con @CocaColaCol Ô∏è https://t.co/8xGapau6O5","723286657013784576","https://pbs.twimg.com/ext_tw_video_thumb/723285792479649793/pu/img/f6F-jF5pfk74_D-H.jpg","","es","","0","28","247","https://x.com/undefined/status/723286657013784576","297744938",
"1967627423421550878","Mon Sep 15 16:31:49 +0000 2025","16","Ole Miss students come out to the Union and sign up for Rebelthon! Tell them I sent you! They also have Kona Ice on sale! Proceeds go to the event! Ô∏è https://t.co/0Kj374GsyQ","1967627423421550878","https://pbs.twimg.com/media/G05qtCSXUAASIk1.jpg","","en","","0","0","0","https://x.com/undefined/status/1967627423421550878","35811551",
"1716140297414160872","Sun Oct 22 17:11:45 +0000 2023","199","This is next-level stupidity. This reel has 100K+ shares and 200K+ likes. First they are boycotting Coca-Cola (an American company) by spilling it on the streets to protest against Israel. Muslims are cheering this act and the comment that grabbed my attention Hilarious https://t.co/Ln2Ig1etPc","1716140297414160872","https://pbs.twimg.com/ext_tw_video_thumb/1716140112478920704/pu/img/3vlx3zmSY5Nse1Hi.jpg","","en","","4","22","54","https://x.com/undefined/status/1716140297414160872","1297162470511931393",
"1407569107696984065","Wed Jun 23 05:20:01 +0000 2021","1535","A m√∫sica Rebelde do RBD est√° sendo usada para um comercial de uma marca cerveja na Col√¥mbia! A propaganda est√° sendo reproduzida nas principais emissoras do pa√≠s. https://t.co/ewtnIfry09","1407569107696984065","https://pbs.twimg.com/ext_tw_video_thumb/1407569058854326275/pu/img/A68zsqS52U0CvRWC.jpg","","pt","","228","31","334","https://x.com/undefined/status/1407569107696984065","2877260021",
"1364626112551256079","Wed Feb 24 17:19:53 +0000 2021","140","Coca Cola thinks White People are evil oppressive and wants less of us. It'd be a shame if you took a good look at all the products owned by Coke &amp; never bought a single one again. It'd be a bigger shame if you shared this so all people of European heritage could #BoycottCoke https://t.co/RNIOJbLeE7","1364626112551256079","https://pbs.twimg.com/media/EvAgNEHWQAMAb8z.jpg","","en","","11","13","71","https://x.com/undefined/status/1364626112551256079","1116766980596543488",
"1817178887132213679","Sat Jul 27 12:43:02 +0000 2024","304","seulgi from red velvet was seen drinking (almost seems like promoting) coca cola in one of her youtube videos yesterday. her fans immediately moved to educate her and now the product is removed from the video. they are still asking her to address the matter though. https://t.co/MHgtw9dvHU","1817178887132213679","https://pbs.twimg.com/media/GTfqkDlWUAEZPjU.jpg","","en","","53","6","98","https://x.com/undefined/status/1817178887132213679","1712127466490179584",
"1512220093144395781","Fri Apr 08 00:05:40 +0000 2022","1544","The Official CIX 1st Concert &lt;REBEL&gt; in US Merch Store is now LIVE The perfect gift for any FIX! Order by April 15 to receive your gift before the tour starts on April 27 T-Shirts Tote Bag Wireless Charging Pads Official CIX Light Stick #CIX #REBEL https://t.co/VwBXhmV62K","1512220093144395781","https://pbs.twimg.com/media/FPx8KH_VcAMWTvq.jpg","","en","","305","30","376","https://x.com/undefined/status/1512220093144395781","2925340634",
"1134793680706002945","Sat Jun 01 12:07:51 +0000 2019","8998","Con las dos nuevas incorporaciones de hoy ¬°as√≠ quedar√≠a el cartel para cada d√≠a de festival! ¬øFlip√°is? Ya pod√©is coger las entradas por d√≠as ¬°20‚Ç¨ + gastos de gesti√≥n! https://t.co/w40LR2jiNh https://t.co/6kipD5Qc9G","1134793680706002945","https://pbs.twimg.com/media/D7-Y1eiX4AAgTpe.jpg","","es","","327","292","1789","https://x.com/undefined/status/1134793680706002945","42046651",
"1319724356541571075","Fri Oct 23 19:36:20 +0000 2020","223","Coca cola supports #EndSARS injured protesters with N20 million ($53 000) to defray medical bills https://t.co/hoS5sCUNUu","1319724356541571075","https://pbs.twimg.com/media/ElCaS7aXIAEemOu.jpg","","en","","4","6","105","https://x.com/undefined/status/1319724356541571075","2431926235",
"1219863054160220161","Wed Jan 22 06:03:10 +0000 2020","288","Judas Priest are looking forward to bringing our 50th Anniversary show to Monster Energy's Rebel Rock Festival - Grab your tickets NOW! https://t.co/XrqYsaIsEO Sept 18-19 in Orlando Florida @MonsterEnergy @RebelRockFest https://t.co/Gy0B0npYX8","1219863054160220161","https://pbs.twimg.com/media/EO3S-6RWkAEosXQ.jpg","","en","","5","8","52","https://x.com/undefined/status/1219863054160220161","2485505982",
"1968448223120380261","Wed Sep 17 22:53:23 +0000 2025","6"," Una campa√±a digna de una galaxia muy muy lejana La nueva colaboraci√≥n de @CocaCola x #StarWars: #RefreshYourGalaxy nos ha dejado un magnifico homenaje a los h√©roes y villanos de la saga que dentro de poco cumplir√° 50 a√±os. Galer√≠a de im√°genes https://t.co/F5yavwswGl","1968448223120380261","https://pbs.twimg.com/media/G1FVObfXUAA3VB5.jpg","","es","","0","1","2","https://x.com/undefined/status/1968448223120380261","1755340727708516352",
"1126743757355806720","Fri May 10 07:00:20 +0000 2019","390","It's giveaway time!! #Follow &amp; #RT to enter our #giveaway and #win this refreshing pack of 24 X Coca Cola Diet cans . UK &amp; Ireland only. Winner announced Monday! #Competition #FreebieFriday #Giveaway #comp #Rebel #cocacola #dietcoke https://t.co/Bxa3jTQptz","1126743757355806720","https://pbs.twimg.com/media/D6L_eb-UIAE3vUq.jpg","","en","","21","220","724","https://x.com/undefined/status/1126743757355806720","195787921",
"880549152698105857","Thu Jun 29 22:10:52 +0000 2017","587","Coca-Cola &amp; #EssenceFest Making beautiful music together for 22 years! https://t.co/JGkJ9P8FsP https://t.co/DpbgisRb8P","880549152698105857","https://pbs.twimg.com/media/DDhWThOXUAAbq8Q.jpg","","en","","1","14","78","https://x.com/undefined/status/880549152698105857","23482357",
"1664271067962314752","Thu Jun 01 14:01:57 +0000 2023","205","Boycott Coke ~ ~ Coca-Cola funds LGBTQ youth event at Smithsonian showcasing Indigiqueer fashion https://t.co/8eBR4v1odN https://t.co/bAaWoZrf4G","1664271067962314752","https://pbs.twimg.com/media/FxitttuaUAYxvAW.jpg","","en","","13","44","223","https://x.com/undefined/status/1664271067962314752","1457796469029842950",
"1815020888137355639","Sun Jul 21 13:47:55 +0000 2024","227","ƒ∞≈üte ≈ûimdi ƒ∞spanya'yƒ± √ñrnek Alabilirsiniz ƒ∞spanya'da Coca Cola reklam afi≈üine Genocide (Soykƒ±rƒ±m) yazƒ±ldƒ±. #RehberTv #RehberOnline #RehberTvHaber https://t.co/j61hpcaCwT","1815020888137355639","https://pbs.twimg.com/media/GTA_hm2WQAAV72M.jpg","","tr","","2","1","81","https://x.com/undefined/status/1815020888137355639","1344258060",
"1723863877849694639","Mon Nov 13 00:42:30 +0000 2023","241","Ô∏èICYMI @McDonalds turned so many dreams into reality during this year's #REVOLTWORLD event! Through the #ShootYourShot competition music artists stepped into the booth and showcased their singles freestyles lyricism and more. Check out what you may have missed! https://t.co/Vkz64QaZdJ","1723863877849694639","https://pbs.twimg.com/media/F-4fz5ibMAA5qZe.png","","en","","7","61","17","https://x.com/undefined/status/1723863877849694639","16259251",
"1375805689113743363","Sat Mar 27 13:43:32 +0000 2021","733","Georgia the headquarters of @CocaCola has now made this illegal: https://t.co/vk82ZLWBcv","1375805689113743363","https://pbs.twimg.com/media/ExfX-xmXAAIUiwp.jpg","","en","","27","29","230","https://x.com/undefined/status/1375805689113743363","872563312394870785",
"1202630699976712194","Thu Dec 05 16:47:57 +0000 2019","1278","Dios! miren la botella que se mando Coca Cola para la Comic Con Singapur 2019 hizo solamente 8000 unidades con el dise√±o para acompa√±ar el estreno de Star Wars el ascenso de Skywalker. https://t.co/W2yqRvtFSo","1202630699976712194","https://pbs.twimg.com/ext_tw_video_thumb/1202630200091185152/pu/img/qil0-mITXg-9_Qip.jpg","","es","","97","41","381","https://x.com/undefined/status/1202630699976712194","58383662",
"1217737878702215169","Thu Jan 16 09:18:29 +0000 2020","1598","[INFO] #SEULGI will do a photo greeting during the launch of the Giant Coca-Cola Bottle at Yeongdeungpo Times Square on January 18 12pm KST. The bottle will be on display until January 26. #REDVELVET @RVsmtown https://t.co/gCZEvsYMLY","1217737878702215169","https://pbs.twimg.com/media/EOZGHmTU0AELOP-.jpg","","en","","9","4","673","https://x.com/undefined/status/1217737878702215169","2685951655",
"1363281667201372163","Sun Feb 21 00:17:32 +0000 2021","159","A whistleblower at soda giant Coca-Cola has reportedly revealed that the company is forcing its employees to complete online training that tells them to try to be less white. STORY: https://t.co/iJ8ZCbBIFJ https://t.co/hPpGyJW9eN","1363281667201372163","https://pbs.twimg.com/media/EutZTHbXIAAnsTq.jpg","","en","","15","33","100","https://x.com/undefined/status/1363281667201372163","3018960919",
"875350534412095489","Thu Jun 15 13:53:25 +0000 2017","428","Punta na sa Robinsons Galleria Food Court this June 17 to 18 to #FeelTheChill with a big ice-cold COCA-COLA. See you there! https://t.co/61T6jNdPjz","875350534412095489","https://pbs.twimg.com/media/DCXennOVwAAcmwh.jpg","","en","","10","6","22","https://x.com/undefined/status/875350534412095489","454527089",
"749264664203186176","Sat Jul 02 15:33:11 +0000 2016","166","Add red white &amp; blue to your #FourthOfJulyWeekend menu with this recipe roundup https://t.co/oQsthjKqFn https://t.co/AKqT17VUPL","749264664203186176","https://pbs.twimg.com/media/CmXsNHIUMAAbtsn.jpg","","en","","0","2","183","https://x.com/undefined/status/749264664203186176","23482357",
"1364370071116800000","Wed Feb 24 00:22:28 +0000 2021","145","Coca-Cola is facing massive backlash after reports of an anti-white curriculum in its employee training classes were leaked on social media. MORE: https://t.co/THEcHm9SI6 https://t.co/M905Vu4qfB","1364370071116800000","https://pbs.twimg.com/media/Eu83UI3XAAEchpo.jpg","","en","","5","19","52","https://x.com/undefined/status/1364370071116800000","3018960919",
"652898933417443328","Sat Oct 10 17:30:10 +0000 2015","150","London Eye capsules light up to represent the 20 countries competing in #RWC2015 http://t.co/RSeAlHXp1c http://t.co/Kr9bgi4kiL","652898933417443328","https://pbs.twimg.com/media/CQ9wstbWEAAckWg.jpg","","en","","0","5","90","https://x.com/undefined/status/652898933417443328","23482357",
"1782899958019993634","Tue Apr 23 22:30:49 +0000 2024","755","VOC√ä SABIA? Em 2005 a Coca-Cola lan√ßou no M√©xico os KBsonicos com os 6 integrantes do RBD junto a latinha personalizada fazendo alus√£o a novela Rebelde. https://t.co/MZaRCHgwaD","1782899958019993634","https://pbs.twimg.com/media/GL4iDwVWgAAM_oj.jpg","","pt","","55","42","64","https://x.com/undefined/status/1782899958019993634","467565034",
"1766333695399432629","Sat Mar 09 05:22:24 +0000 2024","253","Rwenzori mineral water and Coca Cola both intend to partner with @RwenzoriMarathn 2024 in KASESE come 24 august Register online at www.rwenzori https://t.co/7H6NEoqJLm You can send me your registration so it can appear here! https://t.co/kSFlsmb7Vo","1766333695399432629","https://pbs.twimg.com/media/GINHIKUWoAE0-i5.jpg","","en","","1","11","47","https://x.com/undefined/status/1766333695399432629","2331474379",
"1094168121965989888","Sat Feb 09 09:36:23 +0000 2019","516","Coca-Cola patrocina la manifestaci√≥n del domingo en Col√≥n. En este hilo @CervantesFAQs cuenta por qu√© el trifachito de Casado Abascal y Rivera es la nueva chispa de la vida con su f√≥rmula secreta y su agresiva campa√±a de marketing como principales ingredientes https://t.co/w2pwrRKWl7","1094168121965989888","https://pbs.twimg.com/media/Dy9EGq6WkAAI3yH.jpg","","es","","35","27","513","https://x.com/undefined/status/1094168121965989888","924453695466680320",
"1173342705663000588","Sun Sep 15 21:07:55 +0000 2019","204","a quanto pare l'account di coca cola ha risposto in questo modo a una fan che chiedeva della presenza di H nel backstage del festival https://t.co/cvP721l6UM","1173342705663000588","https://pbs.twimg.com/media/EEiM-FfX4AMMe6Q.jpg","","it","","7","6","42","https://x.com/undefined/status/1173342705663000588","498771119",
"890328967072419845","Wed Jul 26 21:52:21 +0000 2017","526","New @CCFreestyle campaign invites fans to discover a world to pour with 100+ choices! https://t.co/MXLlIxao4z https://t.co/akB6NPVu9c","890328967072419845","https://pbs.twimg.com/media/DFsVH-3UIAAqpGr.jpg","","en","","4","19","101","https://x.com/undefined/status/890328967072419845","23482357",
"739643152437542913","Mon Jun 06 02:20:44 +0000 2016","62","Coca-Cola Dumps Trump And Declines To Sponsor The Republican Convention https://t.co/0IfQ45kjdb","739643152437542913","","","en","","0","4","51","https://x.com/undefined/status/739643152437542913","1352623212",
"1932935961526050994","Wed Jun 11 23:00:20 +0000 2025","205","Truth justice and incredible drinks await at a Regal near you Embrace your inner hero and try our limited time Superman themed cocktail. Must be 21 years or older. Please drink responsibly. Ô∏è: https://t.co/5wXM51oBKJ https://t.co/BZDN6h9moj","1932935961526050994","https://pbs.twimg.com/media/GtMq_zbWwAA2q2z.jpg","","en","","9","3","48","https://x.com/undefined/status/1932935961526050994","31196202",
"798253973421559808","Mon Nov 14 19:59:12 +0000 2016","204","On set with Coca-Cola and @Tyrese at @RedLobster HQ... big things cooking for the holidays! Check out @CokeMusic for a BTS interview https://t.co/0HHHrY7bvE","798253973421559808","https://pbs.twimg.com/media/CxP3nu_XgAQa5am.jpg","","en","","0","5","51","https://x.com/undefined/status/798253973421559808","23482357",
"810873451045158912","Mon Dec 19 15:44:30 +0000 2016","277","Coca-Cola bottler empowers South Latin communities at #TEDxRenca with a powerful message of change https://t.co/ICUhF3WyW1 https://t.co/lc8esY7JdR","810873451045158912","https://pbs.twimg.com/media/C0DL66SWQAAQ9Kj.jpg","","en","","1","3","36","https://x.com/undefined/status/810873451045158912","23482357",
"1499837087977140224","Fri Mar 04 20:00:02 +0000 2022","2491","Coca-Cola has decided to stand with Russia instead of the rest of the world. Let's help them understand the error of their ways. #BoycottCocaCola https://t.co/1LB1vPVHgp","1499837087977140224","https://pbs.twimg.com/media/FNB9oBbVEAAQIHx.png","","en","","159","162","1375","https://x.com/undefined/status/1499837087977140224","28180659",
"1723590250742907165","Sun Nov 12 06:35:13 +0000 2023","292","Coca-Cola is going to host a @wildrift Anniversary Experience in South Korea and I'm super lucky to share that I'll be flying there and joining the fun at Worlds Fan Fest during the League of Legends World Championship. Pinch me. Am I dreaming? #CokePartner #CocaCola #Playasone https://t.co/SUOyAMJHRy","1723590250742907165","https://pbs.twimg.com/media/F-tsMLJbEAAqL9d.jpg","","en","","0","9","6","https://x.com/undefined/status/1723590250742907165","1100692106",
"1054377446101975040","Mon Oct 22 14:22:27 +0000 2018","336","The grill is on the drinks served ice cold and the rhyme is on point! Come #TasteTheFeelingUG at the Roast and Rhyme Festival @ Jahazi Pier Munyonyo Kampala on 28th October. https://t.co/MdZbIebF10","1054377446101975040","https://pbs.twimg.com/media/DqHmqRnXQAEOb21.jpg","","en","","0","6","27","https://x.com/undefined/status/1054377446101975040","1560264350",
"1328740944586436610","Tue Nov 17 16:45:02 +0000 2020","1369",".@katyperry partners with Coca-Cola for Resilient remix featuring @tiesto &amp; @Aitanax https://t.co/EmrvE7QfRr","1328740944586436610","","","en","","21","30","184","https://x.com/undefined/status/1328740944586436610","9695312",
"908367248263393281","Thu Sep 14 16:30:03 +0000 2017","137","#CokeTV Host @jonas_ems bereitet @dielochis mit einer Musik-Challenge aufs #FestivalderEinheit vor: Reggae https://t.co/4rGXYkjJNW https://t.co/NhczeqRp36","908367248263393281","https://pbs.twimg.com/media/DJsrMlFXgAAXaPe.jpg","","de","","0","3","27","https://x.com/undefined/status/908367248263393281","146023283",
"1383126219944828934","Fri Apr 16 18:32:42 +0000 2021","177","Money talks. Coke realized they were going to get hurt in the wallet and punked out. https://t.co/3QDOVXZtNt","1383126219944828934","","","en","","34","86","141","https://x.com/undefined/status/1383126219944828934","43753976",
"849669854567309312","Wed Apr 05 17:07:34 +0000 2017","353","Meet the 22-year-old movie makers who won the 2017 @CocaCola &amp; Regal Films competition! + Watch the winning film: https://t.co/0KBueNnnLo https://t.co/y3dEMCCkH2","849669854567309312","https://pbs.twimg.com/media/C8qhlY2V0AEaDZl.jpg","","en","","1","5","56","https://x.com/undefined/status/849669854567309312","23482357",
"753988599650119680","Fri Jul 15 16:24:25 +0000 2016","357","GOP organizers of the Republican National Convention have revealed that ATL-based Coca-Cola has pulled out ($1M) due to Donald Trump.","753988599650119680","","","en","","63","14","310","https://x.com/undefined/status/753988599650119680","121546530",
"707433213757624325","Wed Mar 09 05:09:56 +0000 2016","435","The Rebel's unconventional thinking keeps him one #step ahead of the #game. https://t.co/PB46beAM88","707433213757624325","https://pbs.twimg.com/ext_tw_video_thumb/707431359782985729/pu/img/p2EmBCbfkMct4cpN.jpg","","en","","0","5","116","https://x.com/undefined/status/707433213757624325","68436978",
"715343505678270466","Thu Mar 31 01:02:36 +0000 2016","76","Coca-Cola pulls out signficant support from Republican National Convention https://t.co/WSwCMRE7N1 https://t.co/OzZ7uscuAQ","715343505678270466","https://pbs.twimg.com/media/Ce1pINXXIAAOlLq.jpg","","en","","0","3","99","https://x.com/undefined/status/715343505678270466","23995748",
"1375069959370366977","Thu Mar 25 16:23:54 +0000 2021","195","Bishop Reginald Jackson announces a boycott of @CocaCola which he said hasn t come out strongly enough against proposed voting restrictions: We re not going to stand with folk who don t stand with us. #gapol https://t.co/1mne4Y3r1z","1375121270971502594","https://pbs.twimg.com/ext_tw_video_thumb/1375121158887108608/pu/img/MEQ0XwhOYyYpheXm.jpg","bluestein","en","","14","12","71","https://x.com/undefined/status/1375121270971502594","16563015",
"747416872182755329","Mon Jun 27 13:10:43 +0000 2016","256","A risk-taker on and off the pitch is what made #TheRebel who he is today. https://t.co/fJydvL29qe","747416872182755329","https://pbs.twimg.com/ext_tw_video_thumb/747415729587294208/pu/img/zxHT_irUizgdgXhe.jpg","","en","","0","2","53","https://x.com/undefined/status/747416872182755329","68436978",
"1098396033841811457","Thu Feb 21 01:36:36 +0000 2019","200","¬øC√≥mo vas a ser taaan comunista de que se te funda Coca Cola? https://t.co/IKTuNErv2d","1098396033841811457","https://pbs.twimg.com/media/Dz5JXSzWwAIYrhs.jpg","","es","","0","3","27","https://x.com/undefined/status/1098396033841811457","860699370961981440",
"729044978916188160","Sat May 07 20:27:22 +0000 2016","108","Mocktails on the move! Enjoy these delicious recipes just in time for #DerbyDay: https://t.co/rTfDygfqxF https://t.co/EEPouTKK7O","729044978916188160","https://pbs.twimg.com/media/Ch4V7zcWkAAeDPS.jpg","","en","","0","2","33","https://x.com/undefined/status/729044978916188160","23482357",
"785045271856029696","Sun Oct 09 09:12:32 +0000 2016","945","#TheRebel goes against the grain to beat the odds. https://t.co/zKlG0vuWvt","785045271856029696","https://pbs.twimg.com/ext_tw_video_thumb/785036307441397760/pu/img/ajD1ucnrirsEXbJ5.jpg","","en","","1","7","130","https://x.com/undefined/status/785045271856029696","68436978",
"691238363085418497","Sun Jan 24 12:37:23 +0000 2016","142","The Rebel surprises everyone on and off the #pitch by breaking through all #obstacles. https://t.co/F7cxypLm4U","691238363085418497","https://pbs.twimg.com/media/CZfFoHuVIAIwKTY.jpg","","en","","0","0","38","https://x.com/undefined/status/691238363085418497","68436978",
"836290288817696769","Mon Feb 27 19:01:57 +0000 2017","245","As the unofficial soda of #MardiGras Barq s Root Beer brings a refreshing bite to celebrations across Gulf Coast! https://t.co/fGu1OyDQg9 https://t.co/i0FNmT79VV","836290288817696769","https://pbs.twimg.com/media/C5sVo43XMAIEeYs.jpg","","en","","0","4","52","https://x.com/undefined/status/836290288817696769","23482357",
"747444961629581312","Mon Jun 27 15:02:20 +0000 2016","290","You'll never know which way #TheRebel is heading with his go-to trick: La Roulette. https://t.co/QWrx5lbg9T","747444961629581312","https://pbs.twimg.com/ext_tw_video_thumb/747444321423605760/pu/img/GX63NJjDyl1gow2C.jpg","","en","","0","6","53","https://x.com/undefined/status/747444961629581312","68436978",
"1627637045358198784","Mon Feb 20 11:51:26 +0000 2023","321","BREAKING Extinction Rebellion @PlasticsRebel @FashionActNow take action to demand @LondonFashionWk stop sponsorship with @DietCoke @CocaCola world's biggest plastics polluter Banners dropped &amp; fake oil poured from giant cola bottles in protest #CutTheTies to #fossilfuels https://t.co/sCpGGiPNqO","1627637045358198784","https://pbs.twimg.com/media/FpaGBrfXoAYjelM.jpg","","en","","8","57","127","https://x.com/undefined/status/1627637045358198784","1122858502874124288",
"1794024964451872837","Fri May 24 15:17:37 +0000 2024","593","they re blatantly promoting coca cola which is on the boycott list. so anyone who supports this comeback can rot in hell","1794024964451872837","","","en","","5","10","94","https://x.com/undefined/status/1794024964451872837","1348214389082619907",
"850632175502471169","Sat Apr 08 08:51:29 +0000 2017","127","#CocaCola lavoratori in sciopero aggrediti da vigilanza con taser e scariche elettriche. √à il 2017 ma l'era #Jobsact √® il nuovo medioevo. https://t.co/zi1EOjPB7Y","850632175502471169","https://pbs.twimg.com/media/C84NbCyXcAEcUjG.jpg","","it","","11","10","223","https://x.com/undefined/status/850632175502471169","438849246",
"1152684704266461184","Sat Jul 20 21:00:24 +0000 2019","309","With all the hot moments plays and especially the weather we are glad that @CocaCola played a key part in the Atlanta Homestand by keeping every moment refreshing! Thank you for making this weekend so memorable let's take a look back at some of our favorite sizzling moments! https://t.co/Ic5Vgi1pyR","1152684704266461184","https://pbs.twimg.com/amplify_video_thumb/1152678945210302464/img/NCZ8ff4ocpal5yZP.jpg","","en","","1","7","14","https://x.com/undefined/status/1152684704266461184","1039297983676903424",
"1570088295790419972","Wed Sep 14 16:33:15 +0000 2022","225","Introducing Riot Pop!! We ve teamed up w/ System Seltzers to create a special drink that you can only get at Riot Fest. @drinkriotpop is a refreshing seltzer with electrolytes gluten free and available in two flavors: Cherry On!! and Du-Mango 95!! https://t.co/kFBYzXCiP6 https://t.co/n1f9qDq4ps","1570088295790419972","https://pbs.twimg.com/media/FcoHT0CXkAEOXCP.jpg","","en","","30","14","21","https://x.com/undefined/status/1570088295790419972","19726058",
"1744732168881045549","Tue Jan 09 14:45:39 +0000 2024","873","NEWS: Rebel Bourbon joins Richard Childress Racing as the official bourbon of RCR and the newest partner of the No. 8 Chevrolet and @KyleBusch. Read More: https://t.co/qGQCv2OaK9 https://t.co/5XQNkO2UrH","1744732168881045549","https://pbs.twimg.com/amplify_video_thumb/1744732013708677120/img/UAOe0RdM4vWjza5z.jpg","","en","","28","44","146","https://x.com/undefined/status/1744732168881045549","33489438",
"1362922594740154369","Sat Feb 20 00:30:43 +0000 2021","260","A whistleblower at soda giant Coca-Cola has reportedly revealed that the company is forcing its employees to complete online training that tells them to try to be less white. https://t.co/iJ8ZCbBIFJ","1362922594740154369","","","en","","11","42","98","https://x.com/undefined/status/1362922594740154369","3018960919",
"1363920025707503626","Mon Feb 22 18:34:09 +0000 2021","207","Coca-Cola is facing massive backlash after reports of an anti-white curriculum in its employee training classes were leaked on social media. https://t.co/THEcHm9SI6","1363920025707503626","","","en","","10","30","92","https://x.com/undefined/status/1363920025707503626","3018960919",
"1716971604884816282","Wed Oct 25 00:15:05 +0000 2023","176","Coca-Cola who has been financially backing the Black Lives Matter movement for several years seems to have quietly removed their support from their website in response to those associated with the movement expressing solidarity with Hamas. https://t.co/s0f4yaZcUO","1716971604884816282","","","en","","3","20","59","https://x.com/undefined/status/1716971604884816282","3018960919",
"1956677004817748281","Sat Aug 16 11:18:45 +0000 2025","3627","OH MY GODDD it s a festival sponsored by coca cola korea and they blasting taehyung their biggest brand ambassador the attendees will never escape him! https://t.co/6aJ2nBxeWe","1956677004817748281","https://pbs.twimg.com/media/GyeDXQnbsAAAFSf.jpg","","en","","7","12","780","https://x.com/undefined/status/1956677004817748281","2272755882",
"1378522916128763905","Sun Apr 04 01:40:49 +0000 2021","146","Georgia Republicans boycott Coca-Cola to protest 'out of control cancel culture' https://t.co/CdECavYoM4","1378522916128763905","","","fr","","31","88","58","https://x.com/undefined/status/1378522916128763905","16041234",
"1389422292136972296","Tue May 04 03:31:03 +0000 2021","479","'YOUR voice makes a difference': Coca-Cola takes a 'pause' on woke initiatives after BIG boycott https://t.co/zNyfxaVEa2","1389422292136972296","","","en","","10","44","126","https://x.com/undefined/status/1389422292136972296","10774652",
"1203815267597504512","Sun Dec 08 23:15:00 +0000 2019","279","Coca-Cola a sorti des bouteilles Star Wars ultra limit√©es (8000 exemplaires) dot√©es de sabres laser qui s'allument vraiment ! Elles ne sont disponibles qu'√† Singapour du 6 au 22 d√©cembre. https://t.co/Y4LBBLqtYp","1203815267597504512","https://pbs.twimg.com/media/ELSQdRXXUAIlsLe.jpg","","fr","","7","16","62","https://x.com/undefined/status/1203815267597504512","58747912",
"1967459342308827198","Mon Sep 15 05:23:55 +0000 2025","15","Trad üá™üá∏ Ahhh- anunciamos las novedades de la Coca-Cola Brand Week de septiembre (Pueden a√±adirse nuevas promociones en el hilo as√≠ que no olvides guardar!) Durante el per√≠odo comprando la nueva Coca-Cola Zero en los puntos de venta participantes puedes ganar: una https://t.co/SM12fVBCII","1967459342308827198","https://pbs.twimg.com/media/G03R2EiWoAA53Nh.jpg","","es","","0","0","2","https://x.com/undefined/status/1967459342308827198","1014543660665462790",
"1208896402962747392","Sun Dec 22 23:45:37 +0000 2019","203","INFO | 23.12.19 - Seulgi e o ator Park Bogum se tornam os novos rostos da Coca Cola. Os novos CFs com eles ser√£o lan√ßados no come√ßo do ano que vem. @RVsmtown https://t.co/l84ZybHSKE","1208896402962747392","https://pbs.twimg.com/media/EMbc3kmWsAE1uhs.jpg","","pt","","5","1","34","https://x.com/undefined/status/1208896402962747392","2685426973",
"644575544906940417","Thu Sep 17 18:16:00 +0000 2015","413","Kick off #RWC2015 with a free Coca-Cola Zero. Get your 500ml bottle using your mobile now! https://t.co/kMExraNnMa","644575544906940417","","","en","","0","51","314","https://x.com/undefined/status/644575544906940417","20666236",
"539437367254609921","Mon Dec 01 15:14:25 +0000 2014","208","It s #WorldAIDSDay! We re featuring an interview with @OneRepublic s Ryan Tedder about I Lived to support @RED: http://t.co/RMWBhADhKT","539437367254609921","","","en","","0","9","100","https://x.com/undefined/status/539437367254609921","23482357",
"1339668507252813824","Thu Dec 17 22:43:05 +0000 2020","593","@Devraj_data @Chris_SactoCA @red_baiting With a Coca Cola costing 5 cents and tickets for moving pictures at 25 cents each you can look forward to many exciting evenings with your best gal for only a fraction of the $600.","1339702685537333248","","","en","","0","3","11","https://x.com/undefined/status/1339702685537333248","101247372",
"721175403986071552","Sat Apr 16 03:16:29 +0000 2016","950","Caaali! Nos vemos en el Coca-Cola Fest este s√°bado 23 de abril en el antiguo Club San Fernando #T√≥mateLaCiudad #SienteElSabor @CocaColaCol ","721175403986071552","","","es","","0","18","204","https://x.com/undefined/status/721175403986071552","297744938",
"1289245583161675777","Fri Jul 31 17:04:34 +0000 2020","206","Tras entrada en vigor de nuevo etiquetado Coca-Cola revela que su refresco sin az√∫car contiene en realidad grandes cantidades de este da√±ino qu√≠mico https://t.co/eNy0ESLlVL","1289245583161675777","","","es","","5","9","217","https://x.com/undefined/status/1289245583161675777","834361676",
"1702348635621527803","Thu Sep 14 15:48:37 +0000 2023","392","Reporting live from @CocaCola Headquarters in Atlanta! @Daniel_SuarezG s Aguas Frescas Paint Scheme is back with some new twists for the ROVAL on 10/8 Next Stop: @CLTMotorSpdwy https://t.co/ysv5lRFQDl","1702348635621527803","https://pbs.twimg.com/ext_tw_video_thumb/1702348548174397440/pu/img/L1exThIPtIPkKJ34.jpg","","en","","15","12","55","https://x.com/undefined/status/1702348635621527803","40917258",
"715311928608837632","Wed Mar 30 22:57:08 +0000 2016","287","ColorOfChange | Coca-Cola Responds to Pressure From Advocates to Cease Support of the Republican National Convention https://t.co/PGmOJAh4Yc","715311928608837632","","","en","","0","13","99","https://x.com/undefined/status/715311928608837632","47285504",
"1122096235186479104","Sat Apr 27 11:12:44 +0000 2019","316","Alba Reche estar√° presente en el festival Coca Cola Music Experience el 13 y 14 de septiembre en el Recinto Valdebebas!! Ô∏è Para m√°s informaci√≥n en https://t.co/UWh1KUJduH Emocionada x10000000..... !!! All√° vamoooooosÔ∏è!!! | v√≠a instastorie @albarecheot2018 https://t.co/QpeDqmsRXH","1122096235186479104","https://pbs.twimg.com/ext_tw_video_thumb/1122096176097103873/pu/img/X1OeJGXZS0QtkidV.jpg","","es","","13","2","50","https://x.com/undefined/status/1122096235186479104","1078355795572604929",
"1406934240881741825","Mon Jun 21 11:17:17 +0000 2021","243","The Coca-Cola-owned drinks company @innocent have been trying to #greenwash their reputation while churning out millions of plastic bottles. So @PlasticsRebel occupied their London office.","1406934240881741825","","","en","","4","6","87","https://x.com/undefined/status/1406934240881741825","1019974187975430144",
"1370542409084452865","Sat Mar 13 01:09:08 +0000 2021","5418","UPDATE: A coalition of civil rights groups is holding a protest Saturday and Sunday at @CocaCola s headquarters in Georgia. Coke has donated 35K to the sponsors of voter suppression bills. The coalition is asking Coke to oppose the bills and divest from these politicians.","1370542409084452865","","","en","","194","174","2222","https://x.com/undefined/status/1370542409084452865","15464697",
"740737279753256961","Thu Jun 09 02:48:24 +0000 2016","84","Coca-Cola Dumps Trump And Declines To Sponsor The Republican Convention via @politicususa https://t.co/7gyt5WQE6P","740737279753256961","","","en","","0","10","90","https://x.com/undefined/status/740737279753256961","51813493",
"1968761925774299184","Fri Sep 19 09:09:39 +0000 2025","0","@RepDonaldsPress @charliekirk11 LOL! Calling for televised public executions sponsored by cola cola will have people thinking you just might be slightly fascist. Sorry he said so many stupid things!","1968965699696509320","","RepDonaldsPress","en","","0","0","0","https://x.com/undefined/status/1968965699696509320","1693648800982671360",
"1578384098556612610","Fri Oct 07 13:57:48 +0000 2022","624","Momento Zambia üáøüá≤ del d√≠a Cinco cuadras de cola en Constituci√≥n para recibir gratis una Coca-Cola de 2.25lts retornable que regalaban. En supermercados se consigue por menos de $300. El bull market es total.","1578384098556612610","","","es","","2","34","82","https://x.com/undefined/status/1578384098556612610","1490075919142297602",
"1662133408657555462","Fri May 26 16:27:40 +0000 2023","242","It s more than just a race it s an event to honor all those who made the ultimate sacrifice for our freedom. Learn more about this weekend s Coca-Cola 600 in the link below. https://t.co/T7bEaHYk9n @CocaColaRacing | @alscouniforms | @BassProShops https://t.co/ykgL2483Vd","1662133408657555462","https://pbs.twimg.com/media/FxEVgw7XwAEOtEq.jpg","","en","","0","2","31","https://x.com/undefined/status/1662133408657555462","33489438",
"694643419877015552","Tue Feb 02 22:07:51 +0000 2016","90","Watch New Orleans colorist Terrance Osborne bring Barq's Root Beer and #MardiGras to life: https://t.co/9os5KTfglB https://t.co/DP0oIKYReI","694643419877015552","","","en","","0","5","42","https://x.com/undefined/status/694643419877015552","23482357",
"787325562318680064","Sat Oct 15 16:13:36 +0000 2016","2685"," La Adrenalina de @BenjieFede llena de energ√≠a el festival #CCME. ¬°VIVA LA M√öSICA! ¬°Disfr√∫tala con nosotros! #SienteElSabor https://t.co/6VVw2fGFwU","787325562318680064","https://pbs.twimg.com/media/Cu0j0kGXYAAd5hc.jpg","","es","","9","92","1067","https://x.com/undefined/status/787325562318680064","42046651",
"1839550315580084455","Fri Sep 27 06:19:07 +0000 2024","562","The 1990 Anniversary of the Bolshevik Revolution A Parade to celebrate the death bell of Capitalism sounded by the workers of the world! Sponsored by Pepsi Co. https://t.co/r9hKkj8tJT","1839550315580084455","https://pbs.twimg.com/media/GYdlQSYa4AAyW8N.jpg","","en","","0","11","22","https://x.com/undefined/status/1839550315580084455","1079381936114552832",
"833390838696787969","Sun Feb 19 19:00:34 +0000 2017","271","You picked it. We listened. Try @Sprite Cherry (&amp; Zero) the 1st national brands inspired by Coca-Cola Freestyle https://t.co/yq31UGRoqE https://t.co/OdumaUeNis","833390838696787969","https://pbs.twimg.com/media/C5DLDj8XAAI29fb.jpg","","en","","9","10","93","https://x.com/undefined/status/833390838696787969","23482357",
"1719338830333874443","Tue Oct 31 13:01:35 +0000 2023","461","BREAKING: Plastics Rebellion interrupted the Net Zero Festival in London to call out sponsors Coca Cola. Coke has a NZ by 2040 target - meaningless when you are doing the damage right now. @lucysiegle @ChangingMarkets @Gallifrey001 @RethinkPlastic @XRebellionUK @ChrisGPackham https://t.co/EBQdXhxuT5","1719338830333874443","https://pbs.twimg.com/ext_tw_video_thumb/1719333267646627840/pu/img/aRGoxZHUkcEsX_aE.jpg","","en","","27","36","200","https://x.com/undefined/status/1719338830333874443","1306892616164876299",
"1509244183466450953","Wed Mar 30 19:00:28 +0000 2022","258","After the insurrection @CocaCola suspended all political giving pledging to consider January 6th in future giving. But Coca-Cola has now given $15 000 to the NRSC which could help elect Sedition Caucus members like John Kennedy. Shame on @CocaCola. https://t.co/fRdoW8HwYs","1509244183466450953","https://pbs.twimg.com/media/FPHnDLPXIBQuUNv.jpg","","en","","7","7","158","https://x.com/undefined/status/1509244183466450953","22187085",
